image,class,split
synthbuster/firefly/r1d1445b6t.png,1,test
synthbuster/firefly/r0200a7a6t.png,1,test
synthbuster/firefly/r06743f8ft.png,1,test
synthbuster/firefly/r1f3e6681t.png,1,test
synthbuster/firefly/r181dd93dt.png,1,test
synthbuster/firefly/r0c764979t.png,1,test
synthbuster/firefly/r1565a7e7t.png,1,test
synthbuster/firefly/r1a9de6e9t.png,1,test
synthbuster/firefly/r0207a52ct.png,1,test
synthbuster/firefly/r14289905t.png,1,test
synthbuster/firefly/r031917act.png,1,test
synthbuster/firefly/r18302db2t.png,1,test
synthbuster/firefly/r085a5f53t.png,1,test
synthbuster/firefly/r1b57dbb2t.png,1,test
synthbuster/firefly/r09efa609t.png,1,test
synthbuster/firefly/r07e242b7t.png,1,test
synthbuster/firefly/r0c3a8ea0t.png,1,test
synthbuster/firefly/r03cef811t.png,1,test
synthbuster/firefly/r02897203t.png,1,test
synthbuster/firefly/r1a8d7a86t.png,1,test
synthbuster/firefly/r1b61c7b1t.png,1,test
synthbuster/firefly/r047aa954t.png,1,test
synthbuster/firefly/r08d2b4dat.png,1,test
synthbuster/firefly/r09488b39t.png,1,test
synthbuster/firefly/r08307e1at.png,1,test
synthbuster/firefly/r191488c6t.png,1,test
synthbuster/firefly/r01559391t.png,1,test
synthbuster/firefly/r09670876t.png,1,test
synthbuster/firefly/r0c7fcc38t.png,1,test
synthbuster/firefly/r1bc3a653t.png,1,test
synthbuster/firefly/r02b3a1ddt.png,1,test
synthbuster/firefly/r0f8a1531t.png,1,test
synthbuster/firefly/r16422663t.png,1,test
synthbuster/firefly/r1ca6cc12t.png,1,test
synthbuster/firefly/r0287344at.png,1,test
synthbuster/firefly/r0c0d0adct.png,1,test
synthbuster/firefly/r1d1cf607t.png,1,test
synthbuster/firefly/r06c4bcb9t.png,1,test
synthbuster/firefly/r0e965ba7t.png,1,test
synthbuster/firefly/r0f24ca4dt.png,1,test
synthbuster/firefly/r177dd68et.png,1,test
synthbuster/firefly/r1ceba29dt.png,1,test
synthbuster/firefly/r12f02af5t.png,1,test
synthbuster/firefly/r1af60295t.png,1,test
synthbuster/firefly/r075baf3ct.png,1,test
synthbuster/firefly/r07f99a1at.png,1,test
synthbuster/firefly/r16654024t.png,1,test
synthbuster/firefly/r179ed8d7t.png,1,test
synthbuster/firefly/r0341853dt.png,1,test
synthbuster/firefly/r1655a008t.png,1,test
synthbuster/firefly/r0fbe1b0ft.png,1,test
synthbuster/firefly/r1aa63558t.png,1,test
synthbuster/firefly/r182ed662t.png,1,test
synthbuster/firefly/r0b50b69ct.png,1,test
synthbuster/firefly/r0f1a3f00t.png,1,test
synthbuster/firefly/r17fe8532t.png,1,test
synthbuster/firefly/r1234de87t.png,1,test
synthbuster/firefly/r13a16a0at.png,1,test
synthbuster/firefly/r1bf00696t.png,1,test
synthbuster/firefly/r041c02cat.png,1,test
synthbuster/firefly/r06836fdat.png,1,test
synthbuster/firefly/r1683028at.png,1,test
synthbuster/firefly/r0b6e4254t.png,1,test
synthbuster/firefly/r11850456t.png,1,test
synthbuster/firefly/r16da5576t.png,1,test
synthbuster/firefly/r010cb248t.png,1,test
synthbuster/firefly/r19c9183at.png,1,test
synthbuster/firefly/r0a3c52a0t.png,1,test
synthbuster/firefly/r173ee7e8t.png,1,test
synthbuster/firefly/r050e1024t.png,1,test
synthbuster/firefly/r19183258t.png,1,test
synthbuster/firefly/r05ac4560t.png,1,test
synthbuster/firefly/r1df374c1t.png,1,test
synthbuster/firefly/r02f9f53et.png,1,test
synthbuster/firefly/r17afaaa1t.png,1,test
synthbuster/firefly/r04c566a0t.png,1,test
synthbuster/firefly/r09f764ect.png,1,test
synthbuster/firefly/r1f2c2acft.png,1,test
synthbuster/firefly/r108ba35et.png,1,test
synthbuster/firefly/r102b4aa4t.png,1,test
synthbuster/firefly/r1e52a39dt.png,1,test
synthbuster/firefly/r0ebdd2d2t.png,1,test
synthbuster/firefly/r00816405t.png,1,test
synthbuster/firefly/r05a7750et.png,1,test
synthbuster/firefly/r0a0852c6t.png,1,test
synthbuster/firefly/r09a60f63t.png,1,test
synthbuster/firefly/r185929e9t.png,1,test
synthbuster/firefly/r1a9acd94t.png,1,test
synthbuster/firefly/r1328ee94t.png,1,test
synthbuster/firefly/r0428df0ct.png,1,test
synthbuster/firefly/r085bdbe2t.png,1,test
synthbuster/firefly/r162b2209t.png,1,test
synthbuster/firefly/r096982ddt.png,1,test
synthbuster/firefly/r12a97b08t.png,1,test
synthbuster/firefly/r1594b4b3t.png,1,test
synthbuster/firefly/r1aa53167t.png,1,test
synthbuster/firefly/r1dea56e5t.png,1,test
synthbuster/firefly/r012b0f30t.png,1,test
synthbuster/firefly/r1372056ct.png,1,test
synthbuster/firefly/r186c09e4t.png,1,test
synthbuster/firefly/r029afdb0t.png,1,test
synthbuster/firefly/r042d7b17t.png,1,test
synthbuster/firefly/r0417f5e3t.png,1,test
synthbuster/firefly/r0ebb0bb4t.png,1,test
synthbuster/firefly/r1824034et.png,1,test
synthbuster/firefly/r1dbef145t.png,1,test
synthbuster/firefly/r0fa077bet.png,1,test
synthbuster/firefly/r175da907t.png,1,test
synthbuster/firefly/r13a5bb6bt.png,1,test
synthbuster/firefly/r0b59fc2bt.png,1,test
synthbuster/firefly/r1934e29ft.png,1,test
synthbuster/firefly/r0ae68527t.png,1,test
synthbuster/firefly/r1b177fe1t.png,1,test
synthbuster/firefly/r1a0f5585t.png,1,test
synthbuster/firefly/r12d4cabat.png,1,test
synthbuster/firefly/r1f1178cet.png,1,test
synthbuster/firefly/r11b292cbt.png,1,test
synthbuster/firefly/r0a42c0f6t.png,1,test
synthbuster/firefly/r116ce066t.png,1,test
synthbuster/firefly/r06b7849at.png,1,test
synthbuster/firefly/r1419078bt.png,1,test
synthbuster/firefly/r0d203f37t.png,1,test
synthbuster/firefly/r00b8d4a2t.png,1,test
synthbuster/firefly/r1d79b6e7t.png,1,test
synthbuster/firefly/r1d527f65t.png,1,test
synthbuster/firefly/r1e3303ebt.png,1,test
synthbuster/firefly/r08276bf9t.png,1,test
synthbuster/firefly/r006b0e4bt.png,1,test
synthbuster/firefly/r05718fd6t.png,1,test
synthbuster/firefly/r1e14f45ct.png,1,test
synthbuster/firefly/r05243256t.png,1,test
synthbuster/firefly/r0773471dt.png,1,test
synthbuster/firefly/r1618da9dt.png,1,test
synthbuster/firefly/r0b5a3035t.png,1,test
synthbuster/firefly/r1218b33at.png,1,test
synthbuster/firefly/r0c2fb2a1t.png,1,test
synthbuster/firefly/r09a992e9t.png,1,test
synthbuster/firefly/r1ef16e0dt.png,1,test
synthbuster/firefly/r1580c37ft.png,1,test
synthbuster/firefly/r0676c50at.png,1,test
synthbuster/firefly/r1ad2de34t.png,1,test
synthbuster/firefly/r1a485a99t.png,1,test
synthbuster/firefly/r07c51648t.png,1,test
synthbuster/firefly/r057282fet.png,1,test
synthbuster/firefly/r002fc3e2t.png,1,test
synthbuster/firefly/r1aa4cc99t.png,1,test
synthbuster/firefly/r1ead3024t.png,1,test
synthbuster/firefly/r13c7e92dt.png,1,test
synthbuster/firefly/r0ab7202ft.png,1,test
synthbuster/firefly/r1dbe1b11t.png,1,test
synthbuster/firefly/r0e661e0dt.png,1,test
synthbuster/firefly/r0f86049ct.png,1,test
synthbuster/firefly/r1bc92a89t.png,1,test
synthbuster/firefly/r17754c77t.png,1,test
synthbuster/firefly/r07d13149t.png,1,test
synthbuster/firefly/r0b99ac3ct.png,1,test
synthbuster/firefly/r0d0ff43at.png,1,test
synthbuster/firefly/r194c49f5t.png,1,test
synthbuster/firefly/r0bf1bbect.png,1,test
synthbuster/firefly/r0f91360ct.png,1,test
synthbuster/firefly/r1d53fccat.png,1,test
synthbuster/firefly/r18e0516bt.png,1,test
synthbuster/firefly/r0f98115dt.png,1,test
synthbuster/firefly/r0dd60980t.png,1,test
synthbuster/firefly/r0bc1a779t.png,1,test
synthbuster/firefly/r0fbd0c71t.png,1,test
synthbuster/firefly/r170b020bt.png,1,test
synthbuster/firefly/r02f5c155t.png,1,test
synthbuster/firefly/r1c99500bt.png,1,test
synthbuster/firefly/r05db7e7ft.png,1,test
synthbuster/firefly/r155fe1fat.png,1,test
synthbuster/firefly/r13b45303t.png,1,test
synthbuster/firefly/r06a52b7bt.png,1,test
synthbuster/firefly/r125f6e84t.png,1,test
synthbuster/firefly/r0fdfc4f0t.png,1,test
synthbuster/firefly/r110f894ft.png,1,test
synthbuster/firefly/r0b591bc3t.png,1,test
synthbuster/firefly/r1be4943bt.png,1,test
synthbuster/firefly/r14bfe6f4t.png,1,test
synthbuster/firefly/r1dd9d6bft.png,1,test
synthbuster/firefly/r0e1a6e2ft.png,1,test
synthbuster/firefly/r01b3f004t.png,1,test
synthbuster/firefly/r0b0cd69et.png,1,test
synthbuster/firefly/r0e63dd12t.png,1,test
synthbuster/firefly/r150b1b51t.png,1,test
synthbuster/firefly/r1743fb6bt.png,1,test
synthbuster/firefly/r0a776764t.png,1,test
synthbuster/firefly/r1c31a90bt.png,1,test
synthbuster/firefly/r1b1c1019t.png,1,test
synthbuster/firefly/r16509308t.png,1,test
synthbuster/firefly/r13934dc7t.png,1,test
synthbuster/firefly/r03b0c944t.png,1,test
synthbuster/firefly/r01474187t.png,1,test
synthbuster/firefly/r04b8473dt.png,1,test
synthbuster/firefly/r00b3931bt.png,1,test
synthbuster/firefly/r09c8e042t.png,1,test
synthbuster/firefly/r12133015t.png,1,test
synthbuster/firefly/r0ed16e26t.png,1,test
synthbuster/firefly/r0bdc7894t.png,1,test
synthbuster/firefly/r15eef8b9t.png,1,test
synthbuster/firefly/r0faffef3t.png,1,test
synthbuster/firefly/r10893508t.png,1,test
synthbuster/firefly/r16192cf0t.png,1,test
synthbuster/firefly/r02508493t.png,1,test
synthbuster/firefly/r1b4e82c4t.png,1,test
synthbuster/firefly/r1ee65904t.png,1,test
synthbuster/firefly/r0db31c3ft.png,1,test
synthbuster/firefly/r17c76042t.png,1,test
synthbuster/firefly/r008a2095t.png,1,test
synthbuster/firefly/r1c56a2bct.png,1,test
synthbuster/firefly/r0ce35df8t.png,1,test
synthbuster/firefly/r089cae91t.png,1,test
synthbuster/firefly/r0ebb5ca2t.png,1,test
synthbuster/firefly/r03ed2669t.png,1,test
synthbuster/firefly/r05bf2f53t.png,1,test
synthbuster/firefly/r13a9002bt.png,1,test
synthbuster/firefly/r021429abt.png,1,test
synthbuster/firefly/r171eeaf8t.png,1,test
synthbuster/firefly/r04317453t.png,1,test
synthbuster/firefly/r17b873bct.png,1,test
synthbuster/firefly/r169a9b07t.png,1,test
synthbuster/firefly/r065472d8t.png,1,test
synthbuster/firefly/r00444b95t.png,1,test
synthbuster/firefly/r1cfe520bt.png,1,test
synthbuster/firefly/r0eb8dfb5t.png,1,test
synthbuster/firefly/r1d16ad1et.png,1,test
synthbuster/firefly/r18990432t.png,1,test
synthbuster/firefly/r133c5a52t.png,1,test
synthbuster/firefly/r0dd6e8f4t.png,1,test
synthbuster/firefly/r1ddc0c98t.png,1,test
synthbuster/firefly/r1c146589t.png,1,test
synthbuster/firefly/r0f38373ct.png,1,test
synthbuster/firefly/r03c8ddcft.png,1,test
synthbuster/firefly/r1ef15cb3t.png,1,test
synthbuster/firefly/r0c32591dt.png,1,test
synthbuster/firefly/r05f3bc6ct.png,1,test
synthbuster/firefly/r1bf4e594t.png,1,test
synthbuster/firefly/r197770adt.png,1,test
synthbuster/firefly/r1bc4e4act.png,1,test
synthbuster/firefly/r0fbf62f8t.png,1,test
synthbuster/firefly/r11aa1ee3t.png,1,test
synthbuster/firefly/r12c64de9t.png,1,test
synthbuster/firefly/r1bfbaab3t.png,1,test
synthbuster/firefly/r14dd8f91t.png,1,test
synthbuster/firefly/r101d6690t.png,1,test
synthbuster/firefly/r11bf0779t.png,1,test
synthbuster/firefly/r0e5b5159t.png,1,test
synthbuster/firefly/r066358d3t.png,1,test
synthbuster/firefly/r1ca0784dt.png,1,test
synthbuster/firefly/r1cb7084et.png,1,test
synthbuster/firefly/r1a7346d0t.png,1,test
synthbuster/firefly/r06e1a520t.png,1,test
synthbuster/firefly/r026cedb7t.png,1,test
synthbuster/firefly/r19d72b0ct.png,1,test
synthbuster/firefly/r019eb1cbt.png,1,test
synthbuster/firefly/r1ab0bb20t.png,1,test
synthbuster/firefly/r08996953t.png,1,test
synthbuster/firefly/r19fe3107t.png,1,test
synthbuster/firefly/r170632f5t.png,1,test
synthbuster/firefly/r180bcbd7t.png,1,test
synthbuster/firefly/r1c5a4928t.png,1,test
synthbuster/firefly/r0a9384b1t.png,1,test
synthbuster/firefly/r066b256at.png,1,test
synthbuster/firefly/r1c83ec1dt.png,1,test
synthbuster/firefly/r02a0839et.png,1,test
synthbuster/firefly/r05d9d749t.png,1,test
synthbuster/firefly/r1ca254b2t.png,1,test
synthbuster/firefly/r08b05c94t.png,1,test
synthbuster/firefly/r1bd70210t.png,1,test
synthbuster/firefly/r081ad6a3t.png,1,test
synthbuster/firefly/r1dc4077at.png,1,test
synthbuster/firefly/r0d796d4ft.png,1,test
synthbuster/firefly/r15f07f9dt.png,1,test
synthbuster/firefly/r1f16e2abt.png,1,test
synthbuster/firefly/r1c09b002t.png,1,test
synthbuster/firefly/r127d47e0t.png,1,test
synthbuster/firefly/r087a13a6t.png,1,test
synthbuster/firefly/r1d2bb70at.png,1,test
synthbuster/firefly/r1344c943t.png,1,test
synthbuster/firefly/r049f471dt.png,1,test
synthbuster/firefly/r1293f8ect.png,1,test
synthbuster/firefly/r0701ca45t.png,1,test
synthbuster/firefly/r1f11809bt.png,1,test
synthbuster/firefly/r15199ae3t.png,1,test
synthbuster/firefly/r098a8a22t.png,1,test
synthbuster/firefly/r1e9ae164t.png,1,test
synthbuster/firefly/r13dab3c7t.png,1,test
synthbuster/firefly/r1c6b4a23t.png,1,test
synthbuster/firefly/r0bc0e549t.png,1,test
synthbuster/firefly/r1554cfadt.png,1,test
synthbuster/firefly/r17f60607t.png,1,test
synthbuster/firefly/r08788547t.png,1,test
synthbuster/firefly/r1c9fdcf4t.png,1,test
synthbuster/firefly/r00de2590t.png,1,test
synthbuster/firefly/r0f91c753t.png,1,test
synthbuster/firefly/r098cf7aet.png,1,test
synthbuster/firefly/r101af5b4t.png,1,test
synthbuster/firefly/r1aa43470t.png,1,test
synthbuster/firefly/r0bbbb097t.png,1,test
synthbuster/firefly/r1a020c3ft.png,1,test
synthbuster/firefly/r0e5dfc8et.png,1,test
synthbuster/firefly/r039a5ef5t.png,1,test
synthbuster/firefly/r05f3f6a5t.png,1,test
synthbuster/firefly/r13837601t.png,1,test
synthbuster/firefly/r1904147dt.png,1,test
synthbuster/firefly/r1d4377f7t.png,1,test
synthbuster/firefly/r0527f7e6t.png,1,test
synthbuster/firefly/r061e2ecft.png,1,test
synthbuster/firefly/r193b12aet.png,1,test
synthbuster/firefly/r1e367d35t.png,1,test
synthbuster/firefly/r189be0d8t.png,1,test
synthbuster/firefly/r1d9a31fct.png,1,test
synthbuster/firefly/r0f1aef1ft.png,1,test
synthbuster/firefly/r0288b58ct.png,1,test
synthbuster/firefly/r0bc7d0eet.png,1,test
synthbuster/firefly/r1a60a2bdt.png,1,test
synthbuster/firefly/r1e251abet.png,1,test
synthbuster/firefly/r17ad56act.png,1,test
synthbuster/firefly/r10f2ac48t.png,1,test
synthbuster/firefly/r16a02a12t.png,1,test
synthbuster/firefly/r027a692ft.png,1,test
synthbuster/firefly/r09d50960t.png,1,test
synthbuster/firefly/r082626aft.png,1,test
synthbuster/firefly/r1889220ft.png,1,test
synthbuster/firefly/r061433aft.png,1,test
synthbuster/firefly/r1d679eaet.png,1,test
synthbuster/firefly/r1070b804t.png,1,test
synthbuster/firefly/r00869422t.png,1,test
synthbuster/firefly/r0e9b0485t.png,1,test
synthbuster/firefly/r1a7b8c42t.png,1,test
synthbuster/firefly/r15efd876t.png,1,test
synthbuster/firefly/r02354285t.png,1,test
synthbuster/firefly/r038422cft.png,1,test
synthbuster/firefly/r04a210b3t.png,1,test
synthbuster/firefly/r14a51689t.png,1,test
synthbuster/firefly/r192ae577t.png,1,test
synthbuster/firefly/r1f4a44a7t.png,1,test
synthbuster/firefly/r104153eat.png,1,test
synthbuster/firefly/r1db5be20t.png,1,test
synthbuster/firefly/r0a4ce555t.png,1,test
synthbuster/firefly/r0db6cc31t.png,1,test
synthbuster/firefly/r1c4ae120t.png,1,test
synthbuster/firefly/r1cde4afbt.png,1,test
synthbuster/firefly/r03f41fdct.png,1,test
synthbuster/firefly/r0c5e9567t.png,1,test
synthbuster/firefly/r13493fa3t.png,1,test
synthbuster/firefly/r08079988t.png,1,test
synthbuster/firefly/r12c1798bt.png,1,test
synthbuster/firefly/r03f70ccdt.png,1,test
synthbuster/firefly/r0b82ae9bt.png,1,test
synthbuster/firefly/r1322c4d6t.png,1,test
synthbuster/firefly/r1a5903fct.png,1,test
synthbuster/firefly/r07dba73ft.png,1,test
synthbuster/firefly/r1c402787t.png,1,test
synthbuster/firefly/r1f5c8451t.png,1,test
synthbuster/firefly/r0fef53bft.png,1,test
synthbuster/firefly/r08ac875ct.png,1,test
synthbuster/firefly/r1828d94at.png,1,test
synthbuster/firefly/r164c1e13t.png,1,test
synthbuster/firefly/r1db351a2t.png,1,test
synthbuster/firefly/r116825e2t.png,1,test
synthbuster/firefly/r0f25b326t.png,1,test
synthbuster/firefly/r1f40decct.png,1,test
synthbuster/firefly/r17d11b3at.png,1,test
synthbuster/firefly/r015b453ft.png,1,test
synthbuster/firefly/r07cf907dt.png,1,test
synthbuster/firefly/r0a2e85f0t.png,1,test
synthbuster/firefly/r063d8a61t.png,1,test
synthbuster/firefly/r101e18b6t.png,1,test
synthbuster/firefly/r1b262b72t.png,1,test
synthbuster/firefly/r0191aaf4t.png,1,test
synthbuster/firefly/r12a7e9b5t.png,1,test
synthbuster/firefly/r1f446078t.png,1,test
synthbuster/firefly/r038922cbt.png,1,test
synthbuster/firefly/r01292fd8t.png,1,test
synthbuster/firefly/r1e56884ft.png,1,test
synthbuster/firefly/r1ea13eb4t.png,1,test
synthbuster/firefly/r08873591t.png,1,test
synthbuster/firefly/r0b985828t.png,1,test
synthbuster/firefly/r07f22efdt.png,1,test
synthbuster/firefly/r0bf7f938t.png,1,test
synthbuster/firefly/r08cbbab9t.png,1,test
synthbuster/firefly/r13c19caft.png,1,test
synthbuster/firefly/r1cad9823t.png,1,test
synthbuster/firefly/r0487f5cet.png,1,test
synthbuster/firefly/r159d3942t.png,1,test
synthbuster/firefly/r1ad9cd64t.png,1,test
synthbuster/firefly/r12cebbd2t.png,1,test
synthbuster/firefly/r0408fe9ft.png,1,test
synthbuster/firefly/r142335f0t.png,1,test
synthbuster/firefly/r0e04cc91t.png,1,test
synthbuster/firefly/r053d2196t.png,1,test
synthbuster/firefly/r1e8acc5ct.png,1,test
synthbuster/firefly/r18fafe10t.png,1,test
synthbuster/firefly/r1866b73at.png,1,test
synthbuster/firefly/r0f71782et.png,1,test
synthbuster/firefly/r1a2095b2t.png,1,test
synthbuster/firefly/r07d5eb94t.png,1,test
synthbuster/firefly/r1b09da9ct.png,1,test
synthbuster/firefly/r0b13d2a2t.png,1,test
synthbuster/firefly/r1ebee709t.png,1,test
synthbuster/firefly/r0777fea4t.png,1,test
synthbuster/firefly/r1639a65ct.png,1,test
synthbuster/firefly/r18798194t.png,1,test
synthbuster/firefly/r04eb0d0ft.png,1,test
synthbuster/firefly/r1a91c337t.png,1,test
synthbuster/firefly/r1644d874t.png,1,test
synthbuster/firefly/r125442fat.png,1,test
synthbuster/firefly/r19be5c05t.png,1,test
synthbuster/firefly/r19ba7288t.png,1,test
synthbuster/firefly/r06aa7dabt.png,1,test
synthbuster/firefly/r0c03e364t.png,1,test
synthbuster/firefly/r0d280006t.png,1,test
synthbuster/firefly/r14a595b6t.png,1,test
synthbuster/firefly/r1717ae55t.png,1,test
synthbuster/firefly/r06d3ac60t.png,1,test
synthbuster/firefly/r110cc74ct.png,1,test
synthbuster/firefly/r15dfc1b8t.png,1,test
synthbuster/firefly/r1694427et.png,1,test
synthbuster/firefly/r13c85634t.png,1,test
synthbuster/firefly/r1f5ad4e0t.png,1,test
synthbuster/firefly/r13f26c35t.png,1,test
synthbuster/firefly/r1378de81t.png,1,test
synthbuster/firefly/r1da851e4t.png,1,test
synthbuster/firefly/r0fbb5bc1t.png,1,test
synthbuster/firefly/r1e5c27c1t.png,1,test
synthbuster/firefly/r1b6c1adbt.png,1,test
synthbuster/firefly/r1b2765ebt.png,1,test
synthbuster/firefly/r14df59fet.png,1,test
synthbuster/firefly/r123ca9b3t.png,1,test
synthbuster/firefly/r144f25eet.png,1,test
synthbuster/firefly/r1bc3dd23t.png,1,test
synthbuster/firefly/r165355c0t.png,1,test
synthbuster/firefly/r1a9783cdt.png,1,test
synthbuster/firefly/r0b03e77at.png,1,test
synthbuster/firefly/r0b841e5at.png,1,test
synthbuster/firefly/r1915909et.png,1,test
synthbuster/firefly/r113b7fb4t.png,1,test
synthbuster/firefly/r035ef2c2t.png,1,test
synthbuster/firefly/r0b17fd57t.png,1,test
synthbuster/firefly/r1e504ebbt.png,1,test
synthbuster/firefly/r1c5ec853t.png,1,test
synthbuster/firefly/r138ceafbt.png,1,test
synthbuster/firefly/r18393aeet.png,1,test
synthbuster/firefly/r12cbfb1et.png,1,test
synthbuster/firefly/r0281b52at.png,1,test
synthbuster/firefly/r0cbdc6f8t.png,1,test
synthbuster/firefly/r126a22b8t.png,1,test
synthbuster/firefly/r1f20d8b5t.png,1,test
synthbuster/firefly/r033daaa0t.png,1,test
synthbuster/firefly/r0f5beb66t.png,1,test
synthbuster/firefly/r13b5b161t.png,1,test
synthbuster/firefly/r01d9da09t.png,1,test
synthbuster/firefly/r0603031et.png,1,test
synthbuster/firefly/r1f48d12dt.png,1,test
synthbuster/firefly/r1bca2388t.png,1,test
synthbuster/firefly/r09dc6407t.png,1,test
synthbuster/firefly/r04172edct.png,1,test
synthbuster/firefly/r1cd8d9a4t.png,1,test
synthbuster/firefly/r09a79474t.png,1,test
synthbuster/firefly/r129f09b4t.png,1,test
synthbuster/firefly/r181768b7t.png,1,test
synthbuster/firefly/r03aa5df1t.png,1,test
synthbuster/firefly/r1aa4db16t.png,1,test
synthbuster/firefly/r036e2a9at.png,1,test
synthbuster/firefly/r1cc04f4ft.png,1,test
synthbuster/firefly/r1148801et.png,1,test
synthbuster/firefly/r01b6aed6t.png,1,test
synthbuster/firefly/r18d9feeat.png,1,test
synthbuster/firefly/r15d1c836t.png,1,test
synthbuster/firefly/r0465565ct.png,1,test
synthbuster/firefly/r115e2464t.png,1,test
synthbuster/firefly/r15885978t.png,1,test
synthbuster/firefly/r01ef1b4at.png,1,test
synthbuster/firefly/r13bb381ct.png,1,test
synthbuster/firefly/r00d161b7t.png,1,test
synthbuster/firefly/r012d1dbet.png,1,test
synthbuster/firefly/r02e1abe2t.png,1,test
synthbuster/firefly/r142b504bt.png,1,test
synthbuster/firefly/r1c9fc42at.png,1,test
synthbuster/firefly/r00617aa1t.png,1,test
synthbuster/firefly/r10e36316t.png,1,test
synthbuster/firefly/r056c0ee6t.png,1,test
synthbuster/firefly/r08b12799t.png,1,test
synthbuster/firefly/r1d93553ct.png,1,test
synthbuster/firefly/r03bf5648t.png,1,test
synthbuster/firefly/r1882b6e6t.png,1,test
synthbuster/firefly/r1ee6f90et.png,1,test
synthbuster/firefly/r018e74fet.png,1,test
synthbuster/firefly/r123c6433t.png,1,test
synthbuster/firefly/r0809811bt.png,1,test
synthbuster/firefly/r133bb357t.png,1,test
synthbuster/firefly/r1a343192t.png,1,test
synthbuster/firefly/r042d5308t.png,1,test
synthbuster/firefly/r084889d5t.png,1,test
synthbuster/firefly/r02f1ba48t.png,1,test
synthbuster/firefly/r039a851bt.png,1,test
synthbuster/firefly/r1efcf847t.png,1,test
synthbuster/firefly/r141669e5t.png,1,test
synthbuster/firefly/r0225b88bt.png,1,test
synthbuster/firefly/r09851aa4t.png,1,test
synthbuster/firefly/r1f4f8a51t.png,1,test
synthbuster/firefly/r062cab38t.png,1,test
synthbuster/firefly/r1e9082f9t.png,1,test
synthbuster/firefly/r127608abt.png,1,test
synthbuster/firefly/r145221d9t.png,1,test
synthbuster/firefly/r1bddecd6t.png,1,test
synthbuster/firefly/r0c925d34t.png,1,test
synthbuster/firefly/r07e35007t.png,1,test
synthbuster/firefly/r0b665b37t.png,1,test
synthbuster/firefly/r0438eb97t.png,1,test
synthbuster/firefly/r026b5360t.png,1,test
synthbuster/firefly/r0fa22d02t.png,1,test
synthbuster/firefly/r062b9259t.png,1,test
synthbuster/firefly/r1023c21et.png,1,test
synthbuster/firefly/r13ae7d1et.png,1,test
synthbuster/firefly/r141e4467t.png,1,test
synthbuster/firefly/r1eaa5d42t.png,1,test
synthbuster/firefly/r18d1abact.png,1,test
synthbuster/firefly/r1661f358t.png,1,test
synthbuster/firefly/r0d61db4ct.png,1,test
synthbuster/firefly/r01c95f68t.png,1,test
synthbuster/firefly/r088dcebft.png,1,test
synthbuster/firefly/r069e346et.png,1,test
synthbuster/firefly/r16144fa2t.png,1,test
synthbuster/firefly/r1986e42bt.png,1,test
synthbuster/firefly/r1f2f31e2t.png,1,test
synthbuster/firefly/r05f66e6dt.png,1,test
synthbuster/firefly/r132d538et.png,1,test
synthbuster/firefly/r11e26097t.png,1,test
synthbuster/firefly/r043951a3t.png,1,test
synthbuster/firefly/r1a7bb1d6t.png,1,test
synthbuster/firefly/r018ba134t.png,1,test
synthbuster/firefly/r094ced7bt.png,1,test
synthbuster/firefly/r1a2d8b02t.png,1,test
synthbuster/firefly/r10944b31t.png,1,test
synthbuster/firefly/r19d92967t.png,1,test
synthbuster/firefly/r1567e512t.png,1,test
synthbuster/firefly/r056d6bebt.png,1,test
synthbuster/firefly/r12638c95t.png,1,test
synthbuster/firefly/r1e698e5dt.png,1,test
synthbuster/firefly/r09696ba3t.png,1,test
synthbuster/firefly/r028896d3t.png,1,test
synthbuster/firefly/r11865f77t.png,1,test
synthbuster/firefly/r077507cat.png,1,test
synthbuster/firefly/r0adac68bt.png,1,test
synthbuster/firefly/r14a9a843t.png,1,test
synthbuster/firefly/r19835fbft.png,1,test
synthbuster/firefly/r13928401t.png,1,test
synthbuster/firefly/r0c795771t.png,1,test
synthbuster/firefly/r195f12adt.png,1,test
synthbuster/firefly/r1e9c8a5dt.png,1,test
synthbuster/firefly/r150058a4t.png,1,test
synthbuster/firefly/r037a250ft.png,1,test
synthbuster/firefly/r08414c5at.png,1,test
synthbuster/firefly/r00c4a543t.png,1,test
synthbuster/firefly/r10ab8058t.png,1,test
synthbuster/firefly/r052e9174t.png,1,test
synthbuster/firefly/r06888d38t.png,1,test
synthbuster/firefly/r1c4deb71t.png,1,test
synthbuster/firefly/r01cbb7fdt.png,1,test
synthbuster/firefly/r1aa7459at.png,1,test
synthbuster/firefly/r09b86185t.png,1,test
synthbuster/firefly/r0cde6159t.png,1,test
synthbuster/firefly/r0de97473t.png,1,test
synthbuster/firefly/r0ed844b5t.png,1,test
synthbuster/firefly/r1138e1aft.png,1,test
synthbuster/firefly/r187df69ft.png,1,test
synthbuster/firefly/r0a19cb85t.png,1,test
synthbuster/firefly/r1a7feb2bt.png,1,test
synthbuster/firefly/r1077d1f2t.png,1,test
synthbuster/firefly/r15919202t.png,1,test
synthbuster/firefly/r13073518t.png,1,test
synthbuster/firefly/r1b8b1b14t.png,1,test
synthbuster/firefly/r152d9ff5t.png,1,test
synthbuster/firefly/r0ba4c4c0t.png,1,test
synthbuster/firefly/r0b07b945t.png,1,test
synthbuster/firefly/r108ae9b6t.png,1,test
synthbuster/firefly/r08b41f18t.png,1,test
synthbuster/firefly/r17228bbdt.png,1,test
synthbuster/firefly/r15a0b476t.png,1,test
synthbuster/firefly/r04cfa379t.png,1,test
synthbuster/firefly/r0a72568ct.png,1,test
synthbuster/firefly/r0941aa38t.png,1,test
synthbuster/firefly/r1800ab47t.png,1,test
synthbuster/firefly/r1d9eaf70t.png,1,test
synthbuster/firefly/r113ee9edt.png,1,test
synthbuster/firefly/r066ef803t.png,1,test
synthbuster/firefly/r1d00d8ect.png,1,test
synthbuster/firefly/r001d260dt.png,1,test
synthbuster/firefly/r01a31693t.png,1,test
synthbuster/firefly/r07ece355t.png,1,test
synthbuster/firefly/r0a779af2t.png,1,test
synthbuster/firefly/r169f694ft.png,1,test
synthbuster/firefly/r1ced1907t.png,1,test
synthbuster/firefly/r0b3220e1t.png,1,test
synthbuster/firefly/r06bfc92at.png,1,test
synthbuster/firefly/r0fae3dbdt.png,1,test
synthbuster/firefly/r0b42926ct.png,1,test
synthbuster/firefly/r1468a9e1t.png,1,test
synthbuster/firefly/r0bbd0b0et.png,1,test
synthbuster/firefly/r072d955bt.png,1,test
synthbuster/firefly/r165fbf4ft.png,1,test
synthbuster/firefly/r0eb07be3t.png,1,test
synthbuster/firefly/r18791531t.png,1,test
synthbuster/firefly/r1a7e4791t.png,1,test
synthbuster/firefly/r0670f47ft.png,1,test
synthbuster/firefly/r14586c63t.png,1,test
synthbuster/firefly/r140f3432t.png,1,test
synthbuster/firefly/r177fb9f1t.png,1,test
synthbuster/firefly/r072421a1t.png,1,test
synthbuster/firefly/r163317d6t.png,1,test
synthbuster/firefly/r01d0b83bt.png,1,test
synthbuster/firefly/r05d59d7ct.png,1,test
synthbuster/firefly/r0f22c43ct.png,1,test
synthbuster/firefly/r188eb234t.png,1,test
synthbuster/firefly/r14c2d3fct.png,1,test
synthbuster/firefly/r1db1c478t.png,1,test
synthbuster/firefly/r04160d64t.png,1,test
synthbuster/firefly/r1ca2ef38t.png,1,test
synthbuster/firefly/r0703243bt.png,1,test
synthbuster/firefly/r1b17f0f0t.png,1,test
synthbuster/firefly/r02189767t.png,1,test
synthbuster/firefly/r0356ea60t.png,1,test
synthbuster/firefly/r12e170d4t.png,1,test
synthbuster/firefly/r00c0995ft.png,1,test
synthbuster/firefly/r19b49f2ct.png,1,test
synthbuster/firefly/r1bdb6385t.png,1,test
synthbuster/firefly/r128dfb38t.png,1,test
synthbuster/firefly/r0fb0a690t.png,1,test
synthbuster/firefly/r097d3563t.png,1,test
synthbuster/firefly/r1e8e493ct.png,1,test
synthbuster/firefly/r1cfc8ddat.png,1,test
synthbuster/firefly/r0a2ff882t.png,1,test
synthbuster/firefly/r08abaa78t.png,1,test
synthbuster/firefly/r01291f20t.png,1,test
synthbuster/firefly/r113402d4t.png,1,test
synthbuster/firefly/r13e56300t.png,1,test
synthbuster/firefly/r07e594d6t.png,1,test
synthbuster/firefly/r02059ab4t.png,1,test
synthbuster/firefly/r0282ca06t.png,1,test
synthbuster/firefly/r0279b17bt.png,1,test
synthbuster/firefly/r198ea6a5t.png,1,test
synthbuster/firefly/r08df6903t.png,1,test
synthbuster/firefly/r115c449dt.png,1,test
synthbuster/firefly/r0b4d8af5t.png,1,test
synthbuster/firefly/r1c243af7t.png,1,test
synthbuster/firefly/r1b32a6bct.png,1,test
synthbuster/firefly/r1a170ddbt.png,1,test
synthbuster/firefly/r0cea5432t.png,1,test
synthbuster/firefly/r0a18e454t.png,1,test
synthbuster/firefly/r0b7b1156t.png,1,test
synthbuster/firefly/r04b4d5aft.png,1,test
synthbuster/firefly/r1c070921t.png,1,test
synthbuster/firefly/r1426cde6t.png,1,test
synthbuster/firefly/r0141f0c9t.png,1,test
synthbuster/firefly/r129f24bet.png,1,test
synthbuster/firefly/r04e19833t.png,1,test
synthbuster/firefly/r01170470t.png,1,test
synthbuster/firefly/r144e095dt.png,1,test
synthbuster/firefly/r0342f22ct.png,1,test
synthbuster/firefly/r059cae86t.png,1,test
synthbuster/firefly/r07c47354t.png,1,test
synthbuster/firefly/r1297fd0bt.png,1,test
synthbuster/firefly/r0b1f92a9t.png,1,test
synthbuster/firefly/r138ad247t.png,1,test
synthbuster/firefly/r0f3569c0t.png,1,test
synthbuster/firefly/r0249f733t.png,1,test
synthbuster/firefly/r1570dd6at.png,1,test
synthbuster/firefly/r04989a70t.png,1,test
synthbuster/firefly/r045be2act.png,1,test
synthbuster/firefly/r101eab0dt.png,1,test
synthbuster/firefly/r061db45ft.png,1,test
synthbuster/firefly/r137bcd7at.png,1,test
synthbuster/firefly/r1c23e440t.png,1,test
synthbuster/firefly/r07e1e8cbt.png,1,test
synthbuster/firefly/r0db011b4t.png,1,test
synthbuster/firefly/r1f06581bt.png,1,test
synthbuster/firefly/r1a8fe570t.png,1,test
synthbuster/firefly/r1d1d501et.png,1,test
synthbuster/firefly/r1de108dft.png,1,test
synthbuster/firefly/r0c486c0at.png,1,test
synthbuster/firefly/r0372042dt.png,1,test
synthbuster/firefly/r0a8e5f8at.png,1,test
synthbuster/firefly/r0b735401t.png,1,test
synthbuster/firefly/r1d6e15d3t.png,1,test
synthbuster/firefly/r10a9ca2at.png,1,test
synthbuster/firefly/r128cc6fbt.png,1,test
synthbuster/firefly/r198ae140t.png,1,test
synthbuster/firefly/r0284aa1at.png,1,test
synthbuster/firefly/r05772356t.png,1,test
synthbuster/firefly/r03640e97t.png,1,test
synthbuster/firefly/r09ff1dcet.png,1,test
synthbuster/firefly/r0eb7ee5ct.png,1,test
synthbuster/firefly/r10940798t.png,1,test
synthbuster/firefly/r13fccd2ft.png,1,test
synthbuster/firefly/r03d2a758t.png,1,test
synthbuster/firefly/r09c15af7t.png,1,test
synthbuster/firefly/r1a57cb29t.png,1,test
synthbuster/firefly/r0d89edd8t.png,1,test
synthbuster/firefly/r11d981d2t.png,1,test
synthbuster/firefly/r0d56c1d7t.png,1,test
synthbuster/firefly/r195a5f44t.png,1,test
synthbuster/firefly/r0f137652t.png,1,test
synthbuster/firefly/r1a845144t.png,1,test
synthbuster/firefly/r179bb406t.png,1,test
synthbuster/firefly/r14f241e4t.png,1,test
synthbuster/firefly/r1e69b067t.png,1,test
synthbuster/firefly/r097088c1t.png,1,test
synthbuster/firefly/r1bc355f2t.png,1,test
synthbuster/firefly/r0e593c46t.png,1,test
synthbuster/firefly/r04395e54t.png,1,test
synthbuster/firefly/r03389e9bt.png,1,test
synthbuster/firefly/r08f2d4c6t.png,1,test
synthbuster/firefly/r10134c59t.png,1,test
synthbuster/firefly/r0f2e6baft.png,1,test
synthbuster/firefly/r04e818bat.png,1,test
synthbuster/firefly/r180a7062t.png,1,test
synthbuster/firefly/r181d64eat.png,1,test
synthbuster/firefly/r14ca1259t.png,1,test
synthbuster/firefly/r11a5b93dt.png,1,test
synthbuster/firefly/r12946364t.png,1,test
synthbuster/firefly/r059ce7d0t.png,1,test
synthbuster/firefly/r09d7cd4et.png,1,test
synthbuster/firefly/r00a940e1t.png,1,test
synthbuster/firefly/r0eab8214t.png,1,test
synthbuster/firefly/r0b5b85d0t.png,1,test
synthbuster/firefly/r09245347t.png,1,test
synthbuster/firefly/r07b99141t.png,1,test
synthbuster/firefly/r1aef663et.png,1,test
synthbuster/firefly/r04851bf9t.png,1,test
synthbuster/firefly/r11e134c7t.png,1,test
synthbuster/firefly/r141665bdt.png,1,test
synthbuster/firefly/r0eba1984t.png,1,test
synthbuster/firefly/r05d35656t.png,1,test
synthbuster/firefly/r06691aa5t.png,1,test
synthbuster/firefly/r1267fa5bt.png,1,test
synthbuster/firefly/r0cd4ffb0t.png,1,test
synthbuster/firefly/r046852c1t.png,1,test
synthbuster/firefly/r179ec4e8t.png,1,test
synthbuster/firefly/r0b0e2ba5t.png,1,test
synthbuster/firefly/r17b2f789t.png,1,test
synthbuster/firefly/r05647b9at.png,1,test
synthbuster/firefly/r16698b6et.png,1,test
synthbuster/firefly/r083b7636t.png,1,test
synthbuster/firefly/r170df29ct.png,1,test
synthbuster/firefly/r0a808003t.png,1,test
synthbuster/firefly/r12c5f70bt.png,1,test
synthbuster/firefly/r0dff226et.png,1,test
synthbuster/firefly/r163967d4t.png,1,test
synthbuster/firefly/r0c1f588dt.png,1,test
synthbuster/firefly/r0e63ca9ft.png,1,test
synthbuster/firefly/r0149a21ct.png,1,test
synthbuster/firefly/r12cf98bet.png,1,test
synthbuster/firefly/r068812d7t.png,1,test
synthbuster/firefly/r1db2847et.png,1,test
synthbuster/firefly/r121f7893t.png,1,test
synthbuster/firefly/r1e79c6f9t.png,1,test
synthbuster/firefly/r1db61cf8t.png,1,test
synthbuster/firefly/r0833f646t.png,1,test
synthbuster/firefly/r008ed083t.png,1,test
synthbuster/firefly/r092b4511t.png,1,test
synthbuster/firefly/r1f1a3258t.png,1,test
synthbuster/firefly/r0c9910e4t.png,1,test
synthbuster/firefly/r0f5475b5t.png,1,test
synthbuster/firefly/r06b161adt.png,1,test
synthbuster/firefly/r11a7deb7t.png,1,test
synthbuster/firefly/r0355b2d5t.png,1,test
synthbuster/firefly/r0edb165ft.png,1,test
synthbuster/firefly/r0a8b59bbt.png,1,test
synthbuster/firefly/r1104e9e6t.png,1,test
synthbuster/firefly/r1b106abdt.png,1,test
synthbuster/firefly/r16113cc8t.png,1,test
synthbuster/firefly/r083ca67ct.png,1,test
synthbuster/firefly/r15c91802t.png,1,test
synthbuster/firefly/r1c2ac865t.png,1,test
synthbuster/firefly/r0f36ba1bt.png,1,test
synthbuster/firefly/r0eb9e900t.png,1,test
synthbuster/firefly/r0708431at.png,1,test
synthbuster/firefly/r072649fdt.png,1,test
synthbuster/firefly/r02d732f8t.png,1,test
synthbuster/firefly/r1126b615t.png,1,test
synthbuster/firefly/r17492cd5t.png,1,test
synthbuster/firefly/r09d5cb41t.png,1,test
synthbuster/firefly/r1ab1679et.png,1,test
synthbuster/firefly/r1bc23d6et.png,1,test
synthbuster/firefly/r134ba6abt.png,1,test
synthbuster/firefly/r0c6cf00bt.png,1,test
synthbuster/firefly/r1a28d44bt.png,1,test
synthbuster/firefly/r006fcc20t.png,1,test
synthbuster/firefly/r15dcfacct.png,1,test
synthbuster/firefly/r1e7987b3t.png,1,test
synthbuster/firefly/r00879054t.png,1,test
synthbuster/firefly/r154d7294t.png,1,test
synthbuster/firefly/r0c8f3ce5t.png,1,test
synthbuster/firefly/r10f888c2t.png,1,test
synthbuster/firefly/r107730b5t.png,1,test
synthbuster/firefly/r1bf7ff83t.png,1,test
synthbuster/firefly/r145215fft.png,1,test
synthbuster/firefly/r0a10fe29t.png,1,test
synthbuster/firefly/r007f5116t.png,1,test
synthbuster/firefly/r0744a10et.png,1,test
synthbuster/firefly/r0a71c689t.png,1,test
synthbuster/firefly/r04aceb4et.png,1,test
synthbuster/firefly/r0a64ce0bt.png,1,test
synthbuster/firefly/r1461e2d7t.png,1,test
synthbuster/firefly/r0ff7a848t.png,1,test
synthbuster/firefly/r056f233bt.png,1,test
synthbuster/firefly/r1c028de8t.png,1,test
synthbuster/firefly/r08b04f65t.png,1,test
synthbuster/firefly/r0450c4c0t.png,1,test
synthbuster/firefly/r0f6d3b31t.png,1,test
synthbuster/firefly/r1069cdabt.png,1,test
synthbuster/firefly/r1f1a9df4t.png,1,test
synthbuster/firefly/r0667a51ft.png,1,test
synthbuster/firefly/r18d866e1t.png,1,test
synthbuster/firefly/r1cc0e4e1t.png,1,test
synthbuster/firefly/r0b61ed37t.png,1,test
synthbuster/firefly/r1ec70fd3t.png,1,test
synthbuster/firefly/r1c6377bat.png,1,test
synthbuster/firefly/r022af74ct.png,1,test
synthbuster/firefly/r16dca6f2t.png,1,test
synthbuster/firefly/r1baf2ce0t.png,1,test
synthbuster/firefly/r14556dabt.png,1,test
synthbuster/firefly/r1dd998dft.png,1,test
synthbuster/firefly/r12ed2816t.png,1,test
synthbuster/firefly/r09445479t.png,1,test
synthbuster/firefly/r07cfb432t.png,1,test
synthbuster/firefly/r13de1e12t.png,1,test
synthbuster/firefly/r056daad2t.png,1,test
synthbuster/firefly/r0b76b82ft.png,1,test
synthbuster/firefly/r1d99d1f3t.png,1,test
synthbuster/firefly/r0c9e4ff8t.png,1,test
synthbuster/firefly/r1b165d45t.png,1,test
synthbuster/firefly/r0c1de5e1t.png,1,test
synthbuster/firefly/r07598392t.png,1,test
synthbuster/firefly/r108301e3t.png,1,test
synthbuster/firefly/r1c1e3ec9t.png,1,test
synthbuster/firefly/r084a4ccet.png,1,test
synthbuster/firefly/r169c7350t.png,1,test
synthbuster/firefly/r02210c2at.png,1,test
synthbuster/firefly/r02b7536at.png,1,test
synthbuster/firefly/r0f6250d2t.png,1,test
synthbuster/firefly/r0fe270aet.png,1,test
synthbuster/firefly/r0ac70243t.png,1,test
synthbuster/firefly/r04e7644dt.png,1,test
synthbuster/firefly/r005f3e70t.png,1,test
synthbuster/firefly/r02a21f6ct.png,1,test
synthbuster/firefly/r0ed019a4t.png,1,test
synthbuster/firefly/r1a1d24b2t.png,1,test
synthbuster/firefly/r1bcfab73t.png,1,test
synthbuster/firefly/r01cf60c7t.png,1,test
synthbuster/firefly/r06cad2d6t.png,1,test
synthbuster/firefly/r1e3b4cdft.png,1,test
synthbuster/firefly/r07ffdc87t.png,1,test
synthbuster/firefly/r18ce12dct.png,1,test
synthbuster/firefly/r0965e155t.png,1,test
synthbuster/firefly/r040bf4a5t.png,1,test
synthbuster/firefly/r0648cff8t.png,1,test
synthbuster/firefly/r15ab6ac6t.png,1,test
synthbuster/firefly/r142787e2t.png,1,test
synthbuster/firefly/r131a8f7et.png,1,test
synthbuster/firefly/r0a54ed98t.png,1,test
synthbuster/firefly/r0fc39b66t.png,1,test
synthbuster/firefly/r1a877849t.png,1,test
synthbuster/firefly/r01511e3et.png,1,test
synthbuster/firefly/r19d47beft.png,1,test
synthbuster/firefly/r033bb79dt.png,1,test
synthbuster/firefly/r18ea00c8t.png,1,test
synthbuster/firefly/r1eff17eft.png,1,test
synthbuster/firefly/r1c1fef8ft.png,1,test
synthbuster/firefly/r0e35d1fct.png,1,test
synthbuster/firefly/r19924edft.png,1,test
synthbuster/firefly/r14902ba4t.png,1,test
synthbuster/firefly/r0deb6dadt.png,1,test
synthbuster/firefly/r0150031ft.png,1,test
synthbuster/firefly/r0af5a8cct.png,1,test
synthbuster/firefly/r0f4ece9bt.png,1,test
synthbuster/firefly/r1a1d7e72t.png,1,test
synthbuster/firefly/r05839451t.png,1,test
synthbuster/firefly/r1de76a54t.png,1,test
synthbuster/firefly/r0985dc6ct.png,1,test
synthbuster/firefly/r1301676dt.png,1,test
synthbuster/firefly/r0f3f14cbt.png,1,test
synthbuster/firefly/r1900f7c7t.png,1,test
synthbuster/firefly/r1a711e27t.png,1,test
synthbuster/firefly/r1b790721t.png,1,test
synthbuster/firefly/r110b4219t.png,1,test
synthbuster/firefly/r14c67ed2t.png,1,test
synthbuster/firefly/r0ab0a205t.png,1,test
synthbuster/firefly/r0ab86ea2t.png,1,test
synthbuster/firefly/r1c874ac4t.png,1,test
synthbuster/firefly/r065a0da9t.png,1,test
synthbuster/firefly/r0f979863t.png,1,test
synthbuster/firefly/r0314c3f9t.png,1,test
synthbuster/firefly/r1a8ee526t.png,1,test
synthbuster/firefly/r125034a9t.png,1,test
synthbuster/firefly/r08c76321t.png,1,test
synthbuster/firefly/r03995a8ct.png,1,test
synthbuster/firefly/r0fe7b1c6t.png,1,test
synthbuster/firefly/r0a31a2cct.png,1,test
synthbuster/firefly/r0a5d7cb6t.png,1,test
synthbuster/firefly/r0eea5a7et.png,1,test
synthbuster/firefly/r0905697bt.png,1,test
synthbuster/firefly/r07df029bt.png,1,test
synthbuster/firefly/r0d0ff4c2t.png,1,test
synthbuster/firefly/r052df821t.png,1,test
synthbuster/firefly/r1b9e9917t.png,1,test
synthbuster/firefly/r04eda41ct.png,1,test
synthbuster/firefly/r16d6c35dt.png,1,test
synthbuster/firefly/r09579ff2t.png,1,test
synthbuster/firefly/r1602555bt.png,1,test
synthbuster/firefly/r18d72ab2t.png,1,test
synthbuster/firefly/r10a207det.png,1,test
synthbuster/firefly/r1a499b96t.png,1,test
synthbuster/firefly/r0eedd456t.png,1,test
synthbuster/firefly/r0250eb80t.png,1,test
synthbuster/firefly/r171d73aat.png,1,test
synthbuster/firefly/r0d1dd61ft.png,1,test
synthbuster/firefly/r11a4e1cbt.png,1,test
synthbuster/firefly/r07db8a54t.png,1,test
synthbuster/firefly/r1a07dd25t.png,1,test
synthbuster/firefly/r1f23f4ddt.png,1,test
synthbuster/firefly/r1a4651edt.png,1,test
synthbuster/firefly/r0fd69c12t.png,1,test
synthbuster/firefly/r16d46fa3t.png,1,test
synthbuster/firefly/r0f8e5907t.png,1,test
synthbuster/firefly/r135df877t.png,1,test
synthbuster/firefly/r01058910t.png,1,test
synthbuster/firefly/r1be2a3d5t.png,1,test
synthbuster/firefly/r0b3979d0t.png,1,test
synthbuster/firefly/r10cf67d1t.png,1,test
synthbuster/firefly/r0f2c63d2t.png,1,test
synthbuster/firefly/r0a94587ft.png,1,test
synthbuster/firefly/r1c717a46t.png,1,test
synthbuster/firefly/r070a874ct.png,1,test
synthbuster/firefly/r137f062ft.png,1,test
synthbuster/firefly/r097555c4t.png,1,test
synthbuster/firefly/r0589558at.png,1,test
synthbuster/firefly/r0e7b407bt.png,1,test
synthbuster/firefly/r1011a436t.png,1,test
synthbuster/firefly/r04c11390t.png,1,test
synthbuster/firefly/r116fa8b7t.png,1,test
synthbuster/firefly/r1ca5a385t.png,1,test
synthbuster/firefly/r0108c383t.png,1,test
synthbuster/firefly/r040b3002t.png,1,test
synthbuster/firefly/r094cf3c6t.png,1,test
synthbuster/firefly/r0897d8aat.png,1,test
synthbuster/firefly/r10c5fc29t.png,1,test
synthbuster/firefly/r1d3bc675t.png,1,test
synthbuster/firefly/r08d9a0cet.png,1,test
synthbuster/firefly/r00679daet.png,1,test
synthbuster/firefly/r15028ceft.png,1,test
synthbuster/firefly/r0bc87c20t.png,1,test
synthbuster/firefly/r191f3cdet.png,1,test
synthbuster/firefly/r0518cf5dt.png,1,test
synthbuster/firefly/r1d431afft.png,1,test
synthbuster/firefly/r1c24a571t.png,1,test
synthbuster/firefly/r12f3bbfat.png,1,test
synthbuster/firefly/r0383e9c3t.png,1,test
synthbuster/firefly/r000da54ft.png,1,test
synthbuster/firefly/r1a0968bft.png,1,test
synthbuster/firefly/r03193652t.png,1,test
synthbuster/firefly/r0d8d62edt.png,1,test
synthbuster/firefly/r103a4f26t.png,1,test
synthbuster/firefly/r12daa983t.png,1,test
synthbuster/firefly/r0176fbcat.png,1,test
synthbuster/firefly/r1645a09ct.png,1,test
synthbuster/firefly/r01a5f38at.png,1,test
synthbuster/firefly/r02513d19t.png,1,test
synthbuster/firefly/r079d086et.png,1,test
synthbuster/firefly/r17217693t.png,1,test
synthbuster/firefly/r048c50d0t.png,1,test
synthbuster/firefly/r1c4e6a62t.png,1,test
synthbuster/firefly/r1a11b3c0t.png,1,test
synthbuster/firefly/r184f08dat.png,1,test
synthbuster/firefly/r0aaa70c3t.png,1,test
synthbuster/firefly/r0a966704t.png,1,test
synthbuster/firefly/r1ea8ccbbt.png,1,test
synthbuster/firefly/r1d47bfc2t.png,1,test
synthbuster/firefly/r0515a051t.png,1,test
synthbuster/firefly/r0b755540t.png,1,test
synthbuster/firefly/r1ef8b85ft.png,1,test
synthbuster/firefly/r0cfedd72t.png,1,test
synthbuster/firefly/r146771d7t.png,1,test
synthbuster/firefly/r15499cd8t.png,1,test
synthbuster/firefly/r11c4de0et.png,1,test
synthbuster/firefly/r13907965t.png,1,test
synthbuster/firefly/r0ea0825ft.png,1,test
synthbuster/firefly/r1810ba7at.png,1,test
synthbuster/firefly/r15f16465t.png,1,test
synthbuster/firefly/r0cc5a33ct.png,1,test
synthbuster/firefly/r16ea6386t.png,1,test
synthbuster/firefly/r1b547547t.png,1,test
synthbuster/firefly/r1c4d4720t.png,1,test
synthbuster/firefly/r1ad3fa6dt.png,1,test
synthbuster/firefly/r0dd7b354t.png,1,test
synthbuster/firefly/r1ae12b3ft.png,1,test
synthbuster/firefly/r017904f0t.png,1,test
synthbuster/firefly/r04108c64t.png,1,test
